{
  "project_info": {
    "project_number": "752276338861",
    "project_id": "minggu6-f5d57",
    "storage_bucket": "minggu6-f5d57.appspot.com"
  },
  "client": [
    {
      "client_info": {
        "mobilesdk_app_id": "1:752276338861:android:4b2223439e3193d4756e24",
        "android_client_info": {
          "package_name": "com.example.minggu6"
        }
      },
      "oauth_client": [],
      "api_key": [
        {
          "current_key": "AIzaSyDQJXmSXRaCfcg-0wWWkzTK7iILZSQDfb0"
        }
      ],
      "services": {
        "appinvite_service": {
          "other_platform_oauth_client": []
        }
      }
    }
  ],
  "configuration_version": "1"
}